{"cameraMode":{"drawMode":0,"name":"Shaded","section":"Shading Mode"},"sceneLighting":true,"audioPlay":false,"sceneViewState":{"m_AlwaysRefresh":false,"showFog":true,"showSkybox":true,"showFlares":true,"showImageEffects":true,"showParticleSystems":true,"showVisualEffectGraphs":true,"m_FxEnabled":true},"in2DMode":false,"pivot":{"x":-0.25520846247673037,"y":1.9658832550048829,"z":-0.35885584354400637},"rotation":{"x":0.0002194691332988441,"y":0.6892639398574829,"z":-0.7244906425476074,"w":0.00020599589333869517},"size":15.616304397583008,"orthographic":true}